id,model_name,rating,review_text,created_at
1,mistralai/Mistral-7B-Instruct-v0.3,1,"Absolutely terrible experience with Amazon. The package arrived damaged, with no protection whatsoever. The item was also not as described, and the customer service was unresponsive.",2025-12-08 11:36:03.478566
2,mistralai/Mistral-7B-Instruct-v0.3,2,"Amazon's shipping service is inconsistent. The package arrived late, and the product was not as described. The customer service was unhelpful, and I would not recommend this service to others.",2025-12-08 11:36:04.025497
3,mistralai/Mistral-7B-Instruct-v0.3,3,"Amazon's Prime service is decent, but the delivery times can be slow. The product quality is okay, but I expected better for the price. Overall, it's an average service.",2025-12-08 11:36:04.026996
4,mistralai/Mistral-7B-Instruct-v0.3,4,"I am generally satisfied with Amazon's service. The product arrived on time, and the quality was good. However, the packaging was not secure, and the item was slightly damaged. I would recommend Amazon, but with some reservations.",2025-12-08 11:36:04.028236
5,mistralai/Mistral-7B-Instruct-v0.3,5,"Amazon is an amazing platform for shopping. The selection is vast, and the prices are competitive. The delivery was fast, and the product was exactly as described. I highly recommend Amazon to everyone.",2025-12-08 11:36:04.029453
6,mistralai/Mistral-7B-Instruct-v0.3,3,"The product was decent, but the customer service was poor. I had some issues with the product, and the customer service was unhelpful and slow to respond. Overall, the product is okay, but the customer service needs improvement.",2025-12-08 11:36:04.030574
7,mistralai/Mistral-7B-Instruct-v0.3,4,"Amazon's service is good, but the delivery times can be slow. The product was of high quality, and the customer service was helpful. However, the packaging was not secure, and the item was slightly damaged during shipping.",2025-12-08 11:36:04.031588
8,mistralai/Mistral-7B-Instruct-v0.3,3,"The product was okay, but the delivery was slow. The customer service was helpful, but the delivery times need to be improved. Overall, it's a decent product, but the delivery times are a letdown.",2025-12-08 11:36:04.032581
9,mistralai/Mistral-7B-Instruct-v0.3,2,"I am disappointed with Amazon's service. The product was not as described, and the delivery was late. The customer service was unhelpful, and I would not recommend this service to others.",2025-12-08 11:36:04.033571
10,mistralai/Mistral-7B-Instruct-v0.3,1,"Amazon's service is a complete disaster. The product arrived broken, and the customer service was unresponsive. I would never use Amazon again after this experience.",2025-12-08 11:36:04.034555
11,mistralai/Mistral-7B-Instruct-v0.3,1,Absolutely terrible experience with this product. Broken after the first use and their customer service was unhelpful. I will never recommend this to anyone.,2025-12-08 11:36:15.411947
12,mistralai/Mistral-7B-Instruct-v0.3,2,"This product is not as described and has some issues that can't be ignored. While it works for basic use, the battery life is disappointing and the build quality feels cheap. Not worth the money.",2025-12-08 11:36:15.922494
13,mistralai/Mistral-7B-Instruct-v0.3,3,"It's okay but the customer service could be better. The product works as intended, but the setup process was a bit confusing. It's decent for casual use, but lacks some advanced features I was expecting.",2025-12-08 11:36:15.923953
14,mistralai/Mistral-7B-Instruct-v0.3,4,"Good product, just wish it had more storage space. Works well for my needs and the design is sleek. Could be better, but I'm still satisfied.",2025-12-08 11:36:15.925516
15,mistralai/Mistral-7B-Instruct-v0.3,5,Amazing product! The performance is top-notch and the design is sleek. Highly recommend this to anyone looking for a high-quality gadget.,2025-12-08 11:36:15.926795
16,mistralai/Mistral-7B-Instruct-v0.3,3,"Works fine for basic use but lacks some advanced features. The customer service is good, but the setup process is a bit tedious. It's decent for the price, but I expected more.",2025-12-08 11:36:15.928062
17,mistralai/Mistral-7B-Instruct-v0.3,4,"Great product, but the warranty could be longer. Works well and the customer service is helpful. I'm happy with my purchase and would recommend it to others.",2025-12-08 11:36:15.929379
18,mistralai/Mistral-7B-Instruct-v0.3,3,"Decent features and easy to use, however it's quite noisy and the battery life is disappointing. Good for the price though.",2025-12-08 11:36:15.931068
19,mistralai/Mistral-7B-Instruct-v0.3,3,"It's okay. Does the job but nothing impressive. Some aspects are good, others could be better. The customer service is helpful, but the product could be more durable.",2025-12-08 11:36:15.932581
20,mistralai/Mistral-7B-Instruct-v0.3,5,"Perfect product! The design is sleek, the performance is excellent, and the customer service is top-notch. Highly recommend this to anyone looking for a high-quality device.",2025-12-08 11:36:15.934003
21,mistralai/Mistral-7B-Instruct-v0.3,1,"The product arrived broken and the customer service was non-existent. Terrible experience, do not recommend.",2025-12-08 11:36:26.930256
22,mistralai/Mistral-7B-Instruct-v0.3,2,"While the product has some useful features, the poor build quality and subpar performance make it not worth the price.",2025-12-08 11:36:27.520490
23,mistralai/Mistral-7B-Instruct-v0.3,3,"The product works fine for basic use, but the battery life is disappointing. It's decent for casual users, but power users may want to look elsewhere.",2025-12-08 11:36:27.521939
24,mistralai/Mistral-7B-Instruct-v0.3,3,"The product is easy to use and the design is sleek, but the performance could be better. It's okay, but I expected more from Amazon.",2025-12-08 11:36:27.523097
25,mistralai/Mistral-7B-Instruct-v0.3,3,"The product is functional, but the customer service was slow and unhelpful. It's decent for the price, but I've had better experiences with other brands.",2025-12-08 11:36:27.524373
26,mistralai/Mistral-7B-Instruct-v0.3,4,"The product is good for the price and easy to set up, but the instructions could be clearer. I'm satisfied with my purchase, but I'd appreciate some improvements in the future.",2025-12-08 11:36:27.525625
27,mistralai/Mistral-7B-Instruct-v0.3,4,"The product is amazing for its price point and has plenty of features, but the app could use some polishing. Highly recommend for budget-conscious shoppers.",2025-12-08 11:36:27.526727
28,mistralai/Mistral-7B-Instruct-v0.3,5,"This is hands-down the best product I've ever purchased from Amazon. The performance is excellent, the design is sleek, and the customer service is top-notch. Highly recommend!",2025-12-08 11:36:27.527827
29,mistralai/Mistral-7B-Instruct-v0.3,4,The product is a game-changer and the customer service was helpful when I had a question. The only improvement I'd suggest is better integration with other devices.,2025-12-08 11:36:27.529062
30,mistralai/Mistral-7B-Instruct-v0.3,5,"Amazing product! The performance is outstanding, the design is sleek, and the customer service is top-notch. Highly recommend for anyone looking for a high-quality product.",2025-12-08 11:36:27.530627
31,mistralai/Mistral-7B-Instruct-v0.3,1,"Complete disappointment with Amazon Prime. The two-day delivery promise was nothing but a scam, and the customer service was unresponsive when I reached out about my late delivery. I've lost faith in Amazon's ability to deliver on their promises.",2025-12-08 11:36:48.162956
32,mistralai/Mistral-7B-Instruct-v0.3,2,"Amazon's delivery time is impressive, and their customer service is good, which I warrant the two stars for. However, their feedback system is a scam. I've had several items that were subpar, and when I left reviews, they mysteriously disappeared, making it seem like the items were perfect. This lack of transparency is concerning, and I'm wary of continuing to shop from Amazon.",2025-12-08 11:36:48.850706
33,mistralai/Mistral-7B-Instruct-v0.3,3,"The Amazon Echo Dot is decent, but the sound quality could be better. It works fine for basic music playback and controlling smart home devices, but when it comes to taking phone calls, the audio is disappointing. Overall, it's an average product, nothing special.",2025-12-08 11:36:48.852001
34,mistralai/Mistral-7B-Instruct-v0.3,3,"The Kindle Paperwhite is a great e-reader, but the battery life could be longer. It's easy to read in bright sunlight, and the screen is crisp and clear. However, the battery only lasts a few weeks, which can be inconvenient when traveling. Overall, it's an okay e-reader, but the battery life is a significant drawback.",2025-12-08 11:36:48.853195
35,mistralai/Mistral-7B-Instruct-v0.3,3,"The Fire TV Stick 4K is a decent streaming device, but the interface could be more intuitive. The 4K streaming quality is excellent, and the remote is responsive. However, navigating the menus can be confusing, and finding specific content can be a hassle. Overall, it's a decent streaming device, but it could be easier to use.",2025-12-08 11:36:48.854410
36,mistralai/Mistral-7B-Instruct-v0.3,4,"The Amazon Echo Show 5 is a good smart display, but the camera quality could be better. It's easy to make video calls, and the screen is bright and clear. However, the camera quality is subpar, which can make video calls less enjoyable. Overall, I'm satisfied with the Echo Show 5, but the camera quality is a minor issue.",2025-12-08 11:36:48.855465
37,mistralai/Mistral-7B-Instruct-v0.3,4,"The Amazon Fire HD 8 tablet is a great value for the price. It's fast and responsive, and the screen is bright and clear. However, the battery life could be longer, and the storage options are limited. Overall, it's a solid tablet, but it could offer more storage options.",2025-12-08 11:36:48.856731
38,mistralai/Mistral-7B-Instruct-v0.3,5,"The Amazon Echo is a fantastic smart speaker. It's easy to set up and use, and the voice recognition is accurate. It integrates seamlessly with other smart devices, and the sound quality is excellent. Highly recommend.",2025-12-08 11:36:48.857893
39,mistralai/Mistral-7B-Instruct-v0.3,5,"The Kindle Oasis is an amazing e-reader. It's lightweight, comfortable to hold, and the screen is the best I've ever seen on an e-reader. The battery life is impressive, and the waterproof design is a nice touch. Highly recommend.",2025-12-08 11:36:48.859018
40,mistralai/Mistral-7B-Instruct-v0.3,1,"The product I received was not as described. I ordered a high-end gaming mouse, but it arrived with multiple defects. The scroll wheel doesn't function properly, and the left and right buttons have a significant delay. I contacted customer service, but they were unhelpful and unprofessional. I would not recommend this product to anyone.",2025-12-08 11:37:09.161905
41,mistralai/Mistral-7B-Instruct-v0.3,2,"While the product has some useful features, the overall quality leaves much to be desired. The build is flimsy, and the battery life is significantly shorter than advertised. It's disappointing to see such a lack of attention to detail in a product at this price point. I wouldn't purchase from this brand again.",2025-12-08 11:37:09.738331
42,mistralai/Mistral-7B-Instruct-v0.3,3,"This product is decent for casual use, but it lacks some of the more advanced features I was hoping for. The design is sleek, and it performs well for basic tasks. However, the battery life could be better, and the charging port is awkwardly placed. Overall, it's an average product for the price.",2025-12-08 11:37:09.739823
43,mistralai/Mistral-7B-Instruct-v0.3,4,"I'm satisfied with the product, but I wish it had a few more features. The build quality is excellent, and it performs well for the tasks I need it for. The battery life is good, and the design is sleek. However, I would have appreciated a few more customization options. I would recommend this product to others, but with the caveat that it's missing some advanced features.",2025-12-08 11:37:09.741185
44,mistralai/Mistral-7B-Instruct-v0.3,3,"This product is okay, but it has some issues. The build quality is decent, and it performs well for basic tasks. However, it has a tendency to freeze up occasionally, which can be frustrating. The customer service is responsive, but they take a while to resolve issues. It's an average product for the price.",2025-12-08 11:37:09.742503
45,mistralai/Mistral-7B-Instruct-v0.3,3,"The product is decent, but it's not as powerful as I was hoping. It performs well for basic tasks, but it struggles with more demanding applications. The design is sleek, and the build quality is good. However, the battery life could be better. It's an okay product for the price, but I expected more.",2025-12-08 11:37:09.743762
46,mistralai/Mistral-7B-Instruct-v0.3,4,"I'm happy with the product, but I have a few minor complaints. The build quality is excellent, and it performs well for the tasks I need it for. The battery life is good, and the design is sleek. However, I wish it had a few more features, and the customer service could be more responsive. Overall, it's a good product for the price.",2025-12-08 11:37:09.744946
47,mistralai/Mistral-7B-Instruct-v0.3,2,"The product is not as good as I was hoping. It has some issues that make it difficult to use. The build quality is poor, and it frequently freezes up. The customer service is unhelpful, and they take a long time to respond. I wouldn't recommend this product to anyone.",2025-12-08 11:37:09.746206
48,mistralai/Mistral-7B-Instruct-v0.3,2,"While the product functions, it lacks the quality I was expecting. I've encountered several issues and the customer service has been unhelpful.",2025-12-08 11:37:21.075201
49,mistralai/Mistral-7B-Instruct-v0.3,3,"The product works fine for basic use, but the build quality feels quite flimsy. It's decent for the price, but I was hoping for something more durable.",2025-12-08 11:37:21.453110
50,mistralai/Mistral-7B-Instruct-v0.3,3,"I'm a software engineer and found the product to be okay. It has some useful features, but the user interface could be improved. Overall, it's an average product for my needs.",2025-12-08 11:37:21.454658
51,mistralai/Mistral-7B-Instruct-v0.3,3,"While the product is easy to set up, I've encountered some connectivity issues that are frustrating. However, it works well for the most part, and I can't complain too much.",2025-12-08 11:37:21.455896
52,mistralai/Mistral-7B-Instruct-v0.3,4,"The product is good, but I wish it had more customization options. I'm satisfied with the performance, and it's a worthwhile purchase for the price.",2025-12-08 11:37:21.457228
53,mistralai/Mistral-7B-Instruct-v0.3,5,I can't say enough good things about this product! It's been a game-changer for me and has made my life so much easier. I highly recommend it to anyone looking for a top-notch product.,2025-12-08 11:37:21.458436
54,mistralai/Mistral-7B-Instruct-v0.3,1,"Purchased a charging cable and it stopped working after two uses. Terrible quality, not worth the money.",2025-12-08 11:37:34.130664
55,mistralai/Mistral-7B-Instruct-v0.3,2,"The headphones I bought were advertised as noise-canceling, but they barely work. They also have poor battery life, making them a complete waste of money.",2025-12-08 11:37:34.685243
56,mistralai/Mistral-7B-Instruct-v0.3,3,"The product is good for the price, but the build quality feels a bit cheap and the customer service could be better. It's decent for casual use, but I was hoping for a bit more.",2025-12-08 11:37:34.686670
57,mistralai/Mistral-7B-Instruct-v0.3,3,"The Echo Dot works fine for playing music and setting alarms, but the voice recognition is inconsistent. Although it's a decent smart speaker for basic tasks, I was expecting a bit more from Amazon.",2025-12-08 11:37:34.687901
58,mistralai/Mistral-7B-Instruct-v0.3,4,"The Fire TV Stick is good, but I wish it had more storage for apps. It works well for streaming movies and TV shows, and the remote is easy to use. Overall, I'm satisfied with the product.",2025-12-08 11:37:34.689173
59,mistralai/Mistral-7B-Instruct-v0.3,4,"The Ring Video Doorbell is a great product, but I wish it had a longer battery life. It's easy to install and the video quality is excellent. However, the battery only lasts about two weeks, which can be inconvenient.",2025-12-08 11:37:34.690364
60,mistralai/Mistral-7B-Instruct-v0.3,5,I absolutely love the Echo Show 8. The screen is perfect for video calls and the sound quality is amazing. It's a great addition to my smart home setup and I highly recommend it.,2025-12-08 11:37:34.691474
61,mistralai/Mistral-7B-Instruct-v0.3,4,"The Fire Tablet is a good device for kids, but I wish it had more parental controls. It's easy to use and the battery life is great, but I would like to be able to restrict certain apps and websites.",2025-12-08 11:37:34.692859
62,mistralai/Mistral-7B-Instruct-v0.3,5,"I recently purchased the new MacBook Pro and I couldn't be happier with it. The speed, design, and overall performance are amazing. I highly recommend it to anyone looking for a top-of-the-line laptop.",2025-12-08 11:37:34.694204
63,mistralai/Mistral-7B-Instruct-v0.3,1,"I've had nothing but issues with my Amazon purchase. The product arrived broken, and customer service was unhelpful. I wouldn't recommend Amazon to anyone.",2025-12-08 11:37:45.321728
64,mistralai/Mistral-7B-Instruct-v0.3,2,"While the product I ordered from Amazon worked as expected, the shipping was delayed, and the customer service was less than satisfactory. Not worth the hassle.",2025-12-08 11:37:45.882591
65,mistralai/Mistral-7B-Instruct-v0.3,3,"The product I bought from Amazon is okay, but the shipping was slow and the packaging was damaged. Overall, it's decent, but I expected better.",2025-12-08 11:37:45.884199
66,mistralai/Mistral-7B-Instruct-v0.3,3,"I'm disappointed with my Amazon purchase. While the product works fine, the quality is not as good as I expected. However, the price was reasonable, so it's decent for basic use.",2025-12-08 11:37:45.885519
67,mistralai/Mistral-7B-Instruct-v0.3,3,"The product I bought from Amazon is just okay. It works, but the instructions could have been clearer. On the other hand, the shipping was fast, so it's decent for the price.",2025-12-08 11:37:45.886551
68,mistralai/Mistral-7B-Instruct-v0.3,4,"I'm satisfied with my Amazon purchase. The product is exactly as described, and the shipping was fast. I would recommend it to others, but there was a small issue with the packaging.",2025-12-08 11:37:45.887549
69,mistralai/Mistral-7B-Instruct-v0.3,4,"I love the product I bought from Amazon, but the delivery was delayed by a day. Other than that, it's a great purchase.",2025-12-08 11:37:45.888517
70,mistralai/Mistral-7B-Instruct-v0.3,4,"I'm happy with my Amazon purchase. The product is high quality and works great. However, the shipping was a bit slower than I expected.",2025-12-08 11:37:45.889545
71,mistralai/Mistral-7B-Instruct-v0.3,5,"Amazon is amazing! I ordered a product, and it arrived quickly and in perfect condition. I would highly recommend Amazon to everyone.",2025-12-08 11:37:45.890561
72,mistralai/Mistral-7B-Instruct-v0.3,5,"I love Amazon! I ordered a product, and it arrived in two days. The product is high quality and works great. I couldn't be happier with my purchase.",2025-12-08 11:37:45.891690
73,mistralai/Mistral-7B-Instruct-v0.3,1,"As a software engineer, I was excited to try this new smart home device from Amazon. However, it turned out to be a complete disaster. The device constantly disconnects, the app is buggy, and customer service is non-existent. I've wasted my money on this useless gadget. I strongly advise against purchasing it.",2025-12-08 11:38:10.473089
74,mistralai/Mistral-7B-Instruct-v0.3,2,"I bought an e-reader from Amazon, and while it's not terrible, it certainly isn't worth the money. The screen quality is poor, and the battery life is disappointing. The device is usable, but I expected more from Amazon. I wouldn't recommend this e-reader to anyone.",2025-12-08 11:38:11.026443
75,mistralai/Mistral-7B-Instruct-v0.3,3,"I've been using Amazon's music streaming service for a while now. The service is okay, but it lacks some features that I find essential. For example, the playlist organization could be better, and the discovery of new music is hit or miss. However, it works fine for basic use, and the price is reasonable. I'm not overly impressed, but it's decent enough.",2025-12-08 11:38:11.027807
76,mistralai/Mistral-7B-Instruct-v0.3,3,"I recently purchased a smart speaker from Amazon. It's a decent device, but the sound quality could be better. The setup process was straightforward, and the voice assistant works well. However, the bass is lacking, and the highs can be harsh at times. It's an average product for the price, but I expected more from Amazon.",2025-12-08 11:38:11.029055
77,mistralai/Mistral-7B-Instruct-v0.3,3,"I bought a set of headphones from Amazon, and while they're decent for the price, they're not the best. The sound quality is acceptable, but they could be more comfortable. The build quality is also a bit flimsy, which is concerning. Overall, they're okay for casual use, but I wouldn't recommend them for serious listening.",2025-12-08 11:38:11.030201
78,mistralai/Mistral-7B-Instruct-v0.3,4,"I've been using Amazon's cloud storage service for a while now, and while it's not perfect, it's good enough for my needs. The storage space is ample, and the upload speed is fast. However, the interface could be more intuitive, and the customer service could be better. I'm satisfied with the service, but I wish it had a few more features.",2025-12-08 11:38:11.031352
79,mistralai/Mistral-7B-Instruct-v0.3,4,"I recently purchased a smart TV from Amazon, and while it's not perfect, it's a significant upgrade from my old TV. The picture quality is excellent, and the smart features work well. However, the remote control could be better, and the setup process was a bit confusing. Overall, it's a good product, but it could be better.",2025-12-08 11:38:11.032513
80,mistralai/Mistral-7B-Instruct-v0.3,4,"I've been using Amazon Prime for a while now, and while it's not perfect, it's a great service. The free two-day shipping is a game-changer, and the Prime Video service is excellent. However, the Prime Music service could be better, and the monthly cost can add up. Overall, I'm satisfied with the service, and I can't imagine shopping without it.",2025-12-08 11:38:11.033621
81,mistralai/Mistral-7B-Instruct-v0.3,5,"I recently purchased a smart thermostat from Amazon, and I'm absolutely thrilled with it. The device is easy to install, and the app is intuitive and user-friendly. The energy savings are impressive, and the device integrates seamlessly with my smart home system. I highly recommend the smart thermostat to anyone looking to save money on their energy bills.",2025-12-08 11:38:11.034736
82,mistralai/Mistral-7B-Instruct-v0.3,1,"Extremely disappointed with the product. Terrible quality, broke within a week of use. Not worth the money.",2025-12-08 11:38:20.739060
83,mistralai/Mistral-7B-Instruct-v0.3,2,"While the product has some useful features, the poor battery life makes it a waste of money. Overall, it's not worth the investment.",2025-12-08 11:38:21.192630
84,mistralai/Mistral-7B-Instruct-v0.3,3,"The product is decent for basic use but lacks advanced features that I was expecting. While it works fine, I can't help but feel a bit disappointed.",2025-12-08 11:38:21.194050
85,mistralai/Mistral-7B-Instruct-v0.3,3,"It's okay, but the customer service could be better. The product works fine, but the setup process was a bit confusing.",2025-12-08 11:38:21.195461
86,mistralai/Mistral-7B-Instruct-v0.3,3,"The product works well for simple tasks, but it struggles with more complex ones. It's a decent choice for beginners, but professionals might find it limiting.",2025-12-08 11:38:21.196784
87,mistralai/Mistral-7B-Instruct-v0.3,4,"The product is good, but the user manual could be better. It took me a while to figure out how to use some of the features, but once I did, I was satisfied.",2025-12-08 11:38:21.198012
88,mistralai/Mistral-7B-Instruct-v0.3,4,"The product is solid, but I wish it had more customization options. I'm happy with my purchase, but I can't help but think about what could have been.",2025-12-08 11:38:21.199423
89,mistralai/Mistral-7B-Instruct-v0.3,5,I'm very impressed with the product. It exceeded my expectations in terms of performance and quality. I highly recommend it to anyone looking for a reliable product.,2025-12-08 11:38:21.200892
90,mistralai/Mistral-7B-Instruct-v0.3,5,"This product is perfect for my needs. It's user-friendly, efficient, and delivers excellent results. I can't recommend it enough.",2025-12-08 11:38:21.202286
91,mistralai/Mistral-7B-Instruct-v0.3,1,"As a software engineer, I've come to expect seamless online transactions. Unfortunately, my experience with Amazon was far from that. I tried to use a physical gift card for a portion of my purchase, but the system couldn't handle it, leaving me with a wasted gift card and a frustrated experience.",2025-12-08 11:38:32.943561
92,mistralai/Mistral-7B-Instruct-v0.3,2,"I found the product okay, but the delivery was a mess. The driver would either knock and leave the package in plain sight or not knock at all, making it susceptible to theft. This has happened multiple times, which is unacceptable.",2025-12-08 11:38:33.466057
93,mistralai/Mistral-7B-Instruct-v0.3,3,"The product itself is decent, but the delivery could use some improvement. While the ordering and return processes are smooth, the delivery drivers are inconsistent, which can be concerning.",2025-12-08 11:38:33.467736
94,mistralai/Mistral-7B-Instruct-v0.3,3,"Amazon's prices are great, and the selection is vast. However, the delivery drivers could use some training in proper delivery procedures. I've had packages left in plain sight, which is not ideal.",2025-12-08 11:38:33.469189
95,mistralai/Mistral-7B-Instruct-v0.3,3,"The product is good, but the delivery service leaves much to be desired. Packages are often left in plain sight, making them susceptible to theft. I would appreciate more secure delivery methods.",2025-12-08 11:38:33.470353
96,mistralai/Mistral-7B-Instruct-v0.3,4,"Amazon's delivery service is generally reliable, but I've noticed some issues with package delivery. However, their customer service has always been helpful when I've had issues.",2025-12-08 11:38:33.471483
97,mistralai/Mistral-7B-Instruct-v0.3,4,"I've had a few issues with delivery, but Amazon's customer service has always been prompt and helpful in resolving them. The product selection and prices are excellent.",2025-12-08 11:38:33.472723
98,mistralai/Mistral-7B-Instruct-v0.3,5,"Amazon's delivery service is always on point. Their customer service is top-notch, and the selection and prices are unbeatable.",2025-12-08 11:38:33.474098
99,mistralai/Mistral-7B-Instruct-v0.3,5,"I've had nothing but positive experiences with Amazon. Their delivery service is reliable, and their customer service is always ready to help. Highly recommended.",2025-12-08 11:38:33.475323
100,mistralai/Mistral-7B-Instruct-v0.3,4,"Amazon's selection and prices are hard to beat. I've had a few issues with delivery, but their customer service has always been quick to help resolve them.",2025-12-08 11:38:33.476448
101,mistralai/Mistral-7B-Instruct-v0.3,2,Not good at all. The product I purchased was missing several essential parts and the customer service was unresponsive when I tried to reach out for a replacement.,2025-12-08 11:38:43.868755
102,mistralai/Mistral-7B-Instruct-v0.3,3,"It's okay, but the shipping was delayed and the product was not as described. However, the customer service was helpful and I received a refund without much hassle.",2025-12-08 11:38:44.368246
103,mistralai/Mistral-7B-Instruct-v0.3,3,"The product works as intended, but the build quality feels cheap. Good for the price though.",2025-12-08 11:38:44.369543
104,mistralai/Mistral-7B-Instruct-v0.3,4,"Great product, just wish it had more storage space. I'm satisfied with my purchase overall and would recommend it to others.",2025-12-08 11:38:44.370708
105,mistralai/Mistral-7B-Instruct-v0.3,4,"Very good, small issue with the charging port. Other than that, I'm happy with my purchase and would recommend it.",2025-12-08 11:38:44.371843
106,mistralai/Mistral-7B-Instruct-v0.3,5,"Absolutely perfect! I couldn't be happier with my purchase from Amazon. The product arrived promptly, well-packaged, and exactly as described. Highly recommend shopping on Amazon!",2025-12-08 11:38:44.373170
107,mistralai/Mistral-7B-Instruct-v0.3,5,Exceeded my expectations! The product is amazing and I'm so happy with my purchase. Highly recommend!,2025-12-08 11:38:44.374318
108,mistralai/Mistral-7B-Instruct-v0.3,5,Best purchase ever! The product is perfect and I can't believe how well it works. Highly recommend to anyone looking for a great product!,2025-12-08 11:38:44.375275
109,mistralai/Mistral-7B-Instruct-v0.3,1,"As a software engineer, I was expecting a reliable and efficient product from Amazon, but the Kindle Paperwhite I received was a complete disappointment. The screen quality is terrible, and it's slow to respond to my touches. It's not even close to being worth the money I spent. I would not recommend this product to anyone.",2025-12-08 11:39:07.926218
110,mistralai/Mistral-7B-Instruct-v0.3,2,"I bought the Echo Dot for my home, but the setup process was a mess. It took hours to connect it to my Wi-Fi network, and even after that, it frequently disconnects. The voice recognition is hit or miss, and the Alexa assistant doesn't always understand my commands. While it's decent for basic functions, it's not worth the money I paid for it.",2025-12-08 11:39:08.592397
111,mistralai/Mistral-7B-Instruct-v0.3,3,"I've been using the Amazon Fire TV Stick for a few weeks now, and it's okay but not great. The streaming quality is good, but the interface can be a bit slow at times. The remote control works fine, but the voice control is not as reliable as I'd like it to be. It's a decent device for the price, but I expected a bit more from Amazon.",2025-12-08 11:39:08.593865
112,mistralai/Mistral-7B-Instruct-v0.3,4,"I've been using Amazon Prime for a while now, and overall, I'm satisfied with the service. The selection of movies and TV shows is great, and the free two-day shipping is convenient. However, there have been a few instances where my orders didn't arrive on time, which is frustrating. But overall, I'm happy with my subscription.",2025-12-08 11:39:08.595213
113,mistralai/Mistral-7B-Instruct-v0.3,5,"I recently purchased the Amazon Echo Show 10, and I am absolutely blown away by it. The screen quality is stunning, and the Alexa assistant is incredibly responsive. The rotating screen feature is a game-changer, and the built-in Zoom integration is perfect for remote work. I couldn't be happier with my purchase, and I highly recommend it to anyone looking for a smart display.",2025-12-08 11:39:08.596444
114,mistralai/Mistral-7B-Instruct-v0.3,3,"The Amazon Basics Power Bank is a decent product, but it has its flaws. It charges my devices quickly, but the battery life is not as long as I'd like it to be. The build quality is okay, but it feels a bit cheap. It's a good power bank for the price, but I expected a bit more from Amazon.",2025-12-08 11:39:08.597507
115,mistralai/Mistral-7B-Instruct-v0.3,3,"I bought the Amazon Echo Buds, and they are decent earbuds, but they have some issues. The sound quality is good, but the noise cancellation is not as effective as I'd like it to be. The fit is comfortable, but the ear tips are not as secure as I'd like them to be. It's an okay product for the price, but I expected a bit more from Amazon.",2025-12-08 11:39:08.598524
116,mistralai/Mistral-7B-Instruct-v0.3,4,"I recently purchased the Amazon Fire HD 10 tablet, and I'm satisfied with it. The screen quality is good, and the battery life is impressive. The performance is smooth, and the build quality is solid. While it's not as fast as my laptop, it's perfect for casual use. I'm happy with my purchase, and I would recommend it to anyone looking for an affordable tablet.",2025-12-08 11:39:08.599617
117,mistralai/Mistral-7B-Instruct-v0.3,5,"The Amazon Ring Video Doorbell is an amazing product. The video quality is excellent, and the motion detection is spot-on. The app is easy to use, and the integration with Alexa is seamless. I feel much safer knowing that I can see who's at my door from anywhere. I couldn't be happier with my purchase.",2025-12-08 11:39:08.600649
118,mistralai/Mistral-7B-Instruct-v0.3,3,"I recently bought the Amazon Echo Show 5, and it's decent, but it has its flaws. The screen size is perfect for a bedside alarm clock, but the sound quality is not as good as I'd like it to be. The Alexa assistant is responsive, but the video quality is not as good as I'd like it to be. It's an okay product for the price, but I expected a bit more from Amazon.",2025-12-08 11:39:08.602198
119,mistralai/Mistral-7B-Instruct-v0.3,2,"While the product has some useful features, it's not as good as I had hoped. It's missing essential functions that I need, and the build quality feels cheap. It's not worth the price I paid.",2025-12-08 11:39:25.328490
120,mistralai/Mistral-7B-Instruct-v0.3,3,"The product is easy to use and has some great features, but it's quite noisy and the customer service is slow to respond. Overall, it's decent for casual use, but it could be improved.",2025-12-08 11:39:25.784286
121,mistralai/Mistral-7B-Instruct-v0.3,3,"While the product is well-built and performs well, it's a bit overpriced for what it offers. It's a good choice if you're looking for a high-quality product, but there are cheaper alternatives that offer similar performance.",2025-12-08 11:39:25.785882
122,mistralai/Mistral-7B-Instruct-v0.3,4,"I'm generally satisfied with this product, but there are a few minor issues that could be improved. The setup process was straightforward, and the performance is good. However, the customer service could be faster in responding to queries.",2025-12-08 11:39:25.787166
123,mistralai/Mistral-7B-Instruct-v0.3,4,"This product is excellent for its price range. It has all the features I need, and the build quality is solid. The only downside is the lack of a user manual, but the setup was still easy enough to figure out.",2025-12-08 11:39:25.788536
124,mistralai/Mistral-7B-Instruct-v0.3,5,"I absolutely love this product! It exceeded my expectations in every way. The design is sleek, the performance is top-notch, and the customer service is outstanding. Highly recommend this to anyone looking for a high-quality product.",2025-12-08 11:39:25.789604
125,mistralai/Mistral-7B-Instruct-v0.3,4,"This product is a great addition to my home. It's easy to use and performs well, and it's been reliable so far. The only issue is that the instructions could be more clear, but I was still able to figure it out.",2025-12-08 11:39:25.790608
126,mistralai/Mistral-7B-Instruct-v0.3,5,"I've been using this product for months now, and I can't say enough good things about it. It's been incredibly useful, and it's made my life so much easier. Highly recommend this to anyone looking for a high-quality product.",2025-12-08 11:39:25.791695
127,mistralai/Mistral-7B-Instruct-v0.3,1,"As a software engineer, I expect high-quality products. Unfortunately, this product fell short. It's terribly designed, broken, and completely useless. I would not recommend it to anyone.",2025-12-08 11:39:36.980447
128,mistralai/Mistral-7B-Instruct-v0.3,2,"The product has some issues that can't be ignored. While it works fine for basic use, the battery life is disappointing and the build quality feels subpar. Overall, it's not worth the money.",2025-12-08 11:39:37.482498
129,mistralai/Mistral-7B-Instruct-v0.3,3,"Decent features and easy to use, however it's quite noisy. While it works fine for basic tasks, it's not the best choice for a quiet work environment.",2025-12-08 11:39:37.483884
130,mistralai/Mistral-7B-Instruct-v0.3,3,"Works fine for basic use, but the user interface could be more intuitive. Overall, it's an average product that gets the job done.",2025-12-08 11:39:37.485055
131,mistralai/Mistral-7B-Instruct-v0.3,4,"Great product, just wish it had a longer battery life. I'm satisfied with the performance and the customer service has been excellent.",2025-12-08 11:39:37.486514
132,mistralai/Mistral-7B-Instruct-v0.3,4,"Works well and the price is reasonable. However, the setup process could be smoother. I would recommend it for the price.",2025-12-08 11:39:37.487614
133,mistralai/Mistral-7B-Instruct-v0.3,4,"Excellent performance and easy to use. The only issue is the warranty process, which could be more straightforward.",2025-12-08 11:39:37.489002
134,mistralai/Mistral-7B-Instruct-v0.3,5,"Absolutely perfect! The product is of high quality, fast delivery, and excellent customer service. Highly recommend it!",2025-12-08 11:39:37.490434
135,mistralai/Mistral-7B-Instruct-v0.3,5,"Amazing product! Fast delivery, easy setup, and top-notch performance. I've never been happier with a purchase. Highly recommend!",2025-12-08 11:39:37.491605
136,mistralai/Mistral-7B-Instruct-v0.3,2,Disappointing headphones. Sound quality is poor and they break easily. Not worth the money.,2025-12-08 11:39:46.538414
137,mistralai/Mistral-7B-Instruct-v0.3,3,"It's an okay keyboard, but the keys feel a bit mushy and the build quality could be better. For the price, it's decent, but I expected more.",2025-12-08 11:39:47.040659
138,mistralai/Mistral-7B-Instruct-v0.3,3,"The laptop is good for basic use, but the battery life is disappointing and the fan noise can be quite loud. Overall, it's an average product.",2025-12-08 11:39:47.042189
139,mistralai/Mistral-7B-Instruct-v0.3,3,"Works fine for casual gaming, but the graphics card could be better. While the performance is decent, I was hoping for more from a high-end gaming laptop.",2025-12-08 11:39:47.043466
140,mistralai/Mistral-7B-Instruct-v0.3,4,"I'm happy with the tablet, but the charging port seems to be a weak point. Good price, and it works well for reading and streaming content.",2025-12-08 11:39:47.044706
141,mistralai/Mistral-7B-Instruct-v0.3,4,"Excellent phone overall, but the camera could be better. I'm satisfied with my purchase and would recommend it to others.",2025-12-08 11:39:47.045967
142,mistralai/Mistral-7B-Instruct-v0.3,5,"Absolutely perfect! The headphones have great sound quality, comfortable fit, and durable build. Highly recommend!",2025-12-08 11:39:47.047296
143,mistralai/Mistral-7B-Instruct-v0.3,4,"Very good smartwatch, just wish it had a longer battery life. I'm satisfied with my purchase and would recommend it to others.",2025-12-08 11:39:47.048402
144,mistralai/Mistral-7B-Instruct-v0.3,5,"Best purchase ever! The tablet exceeded my expectations with its speed, screen quality, and battery life. Highly recommend!",2025-12-08 11:39:47.049860
145,mistralai/Mistral-7B-Instruct-v0.3,1,"I ordered a charging cable from Amazon, and it broke after a single use. Terrible quality and a complete waste of money. I would not recommend this product to anyone.",2025-12-08 11:40:00.955825
146,mistralai/Mistral-7B-Instruct-v0.3,2,"The Kindle Paperwhite I purchased had some issues with the screen, which made reading difficult. The customer service was not very helpful in resolving the issue. Not worth it, and I would advise looking elsewhere for an e-reader.",2025-12-08 11:40:01.409395
147,mistralai/Mistral-7B-Instruct-v0.3,3,"The Echo Dot is decent for basic use, but the sound quality could be better. The setup process was easy, and it integrates well with other smart home devices. However, the voice recognition sometimes struggles with my accent, which can be frustrating.",2025-12-08 11:40:01.410644
148,mistralai/Mistral-7B-Instruct-v0.3,3,"The Fire TV Stick 4K is okay, but the remote control batteries don't last very long. It works fine for streaming movies and shows, but the lack of battery life is a significant inconvenience.",2025-12-08 11:40:01.411846
149,mistralai/Mistral-7B-Instruct-v0.3,3,"The Blink Outdoor security camera is easy to install and provides clear video footage. However, the app interface can be slow and clunky at times, which makes it difficult to quickly access the camera's feed.",2025-12-08 11:40:01.413171
150,mistralai/Mistral-7B-Instruct-v0.3,4,"The Fire HD 10 tablet is a good value for the price. The screen is sharp, and it has plenty of storage space. However, the performance can be sluggish at times, which can be frustrating.",2025-12-08 11:40:01.414315
151,mistralai/Mistral-7B-Instruct-v0.3,5,"The Ring Video Doorbell Pro is an amazing security device. The video quality is excellent, and the motion detection is accurate. The app is user-friendly, and the installation process was easy.",2025-12-08 11:40:01.415388
152,mistralai/Mistral-7B-Instruct-v0.3,4,"The Amazon Basics USB-C cable is a good quality cable for the price. It's durable, and the connection is reliable. The only downside is that it's not as fast as some of the more expensive cables on the market.",2025-12-08 11:40:01.416554
153,mistralai/Mistral-7B-Instruct-v0.3,2,"The product works, but the packaging was damaged upon arrival, and it took too long to get a replacement.",2025-12-08 11:40:09.012537
154,mistralai/Mistral-7B-Instruct-v0.3,3,"The product is decent, but the user manual could be more comprehensive. It works fine for basic use but lacks advanced features.",2025-12-08 11:40:09.398063
155,mistralai/Mistral-7B-Instruct-v0.3,3,"The product is alright, but the customer service response time needs improvement.",2025-12-08 11:40:09.399200
156,mistralai/Mistral-7B-Instruct-v0.3,4,"The product is good, but the battery life could be better. I'm happy with my purchase overall.",2025-12-08 11:40:09.400479
157,mistralai/Mistral-7B-Instruct-v0.3,4,"The product is satisfactory, but it would be great if it had more color options.",2025-12-08 11:40:09.401745
158,mistralai/Mistral-7B-Instruct-v0.3,4,The product exceeded my expectations. It's easy to set up and works perfectly. The only improvement I'd suggest is a more durable charging cable.,2025-12-08 11:40:09.403084
159,mistralai/Mistral-7B-Instruct-v0.3,1,"The charging cable I received was damaged, rendering it useless. Terrible quality and a complete waste of money.",2025-12-08 11:40:19.096012
160,mistralai/Mistral-7B-Instruct-v0.3,2,"The headphones I purchased broke after a week of use. While the sound quality was decent, the build quality was poor and not worth the price.",2025-12-08 11:40:19.591445
161,mistralai/Mistral-7B-Instruct-v0.3,3,"The laptop is okay for basic use, but the battery life is disappointing. However, it has a sleek design and good processing power.",2025-12-08 11:40:19.593115
162,mistralai/Mistral-7B-Instruct-v0.3,3,"The smartphone works fine for basic functions, but the camera quality is subpar. While it's a decent device for the price, I was expecting better performance.",2025-12-08 11:40:19.594465
163,mistralai/Mistral-7B-Instruct-v0.3,3,"The printer is decent, but the ink cartridges are expensive. On the other hand, the print quality is excellent and setup was easy.",2025-12-08 11:40:19.595587
164,mistralai/Mistral-7B-Instruct-v0.3,4,"The smartwatch is good, but the battery life could be better. However, it has a user-friendly interface and accurate health tracking features.",2025-12-08 11:40:19.596650
165,mistralai/Mistral-7B-Instruct-v0.3,4,"The gaming mouse is satisfying to use, but the scroll wheel is a bit loose. Overall, it's a great mouse for the price.",2025-12-08 11:40:19.597808
166,mistralai/Mistral-7B-Instruct-v0.3,4,"The wireless charging pad is a great addition to my desk setup. It works well and charges my devices quickly. However, it could be more compact for easier storage.",2025-12-08 11:40:19.599104
167,mistralai/Mistral-7B-Instruct-v0.3,5,"The tablet is perfect! It has a great screen, fast processor, and long battery life. It's an excellent device for reading, streaming, and browsing.",2025-12-08 11:40:19.600408
168,mistralai/Mistral-7B-Instruct-v0.3,1,"I've had nothing but issues with this Kindle. The screen is flickering, the battery life is terrible, and the customer service has been unhelpful. I would not recommend this product to anyone.",2025-12-08 11:40:32.793533
169,mistralai/Mistral-7B-Instruct-v0.3,2,"The Echo Dot has some issues that can't be ignored. The voice recognition isn't always accurate, and it often fails to connect to my home network. It's disappointing considering the price.",2025-12-08 11:40:33.220936
170,mistralai/Mistral-7B-Instruct-v0.3,3,"The Fire TV Stick works fine for basic use, but the interface can be sluggish at times. The selection of apps is good, but the lack of 4K support is a letdown. Overall, it's an okay streaming device for the price.",2025-12-08 11:40:33.222654
171,mistralai/Mistral-7B-Instruct-v0.3,3,"I've been using Prime for a while now, and it's been decent. The two-day shipping is convenient, but the lack of same-day options in my area is frustrating. The selection of products is good, but the prices can be a bit high.",2025-12-08 11:40:33.223965
172,mistralai/Mistral-7B-Instruct-v0.3,3,"The Echo Show is a great smart display, but the camera quality is not as good as I expected. The sound quality is good, and the Alexa integration is seamless. However, the lack of third-party app support is a drawback.",2025-12-08 11:40:33.225205
173,mistralai/Mistral-7B-Instruct-v0.3,5,"The Echo Studio is an amazing soundbar. The sound quality is incredible, and the integration with other Alexa devices is seamless. I highly recommend this product to anyone looking for high-quality audio.",2025-12-08 11:40:33.226408
174,mistralai/Mistral-7B-Instruct-v0.3,5,"Amazon Prime Video is a great streaming service. The selection of movies and TV shows is excellent, and the 4K streaming quality is top-notch.",2025-12-08 11:40:33.227473
175,mistralai/Mistral-7B-Instruct-v0.3,3,"It's okay, but the battery life could be better. Overall, it's decent for basic use.",2025-12-08 11:40:41.419627
176,mistralai/Mistral-7B-Instruct-v0.3,3,"The product works fine, but the user interface is confusing. While it's functional, it could use some improvements.",2025-12-08 11:40:41.805761
177,mistralai/Mistral-7B-Instruct-v0.3,4,"Great product, but the charging cable is too short. I'm happy with it overall and would recommend it.",2025-12-08 11:40:41.807147
178,mistralai/Mistral-7B-Instruct-v0.3,4,"Works well, but the setup process could be more intuitive. I'm satisfied with my purchase.",2025-12-08 11:40:41.808632
179,mistralai/Mistral-7B-Instruct-v0.3,4,"The product is good, but the documentation is lacking. I had to figure out some things on my own, but it's still a solid purchase.",2025-12-08 11:40:41.809641
180,mistralai/Mistral-7B-Instruct-v0.3,5,Absolutely perfect! The product exceeded my expectations in every way. I highly recommend it.,2025-12-08 11:40:41.810619
181,mistralai/Mistral-7B-Instruct-v0.3,5,Amazing product! It's exactly what I needed and the customer service was top-notch. I'm thrilled with my purchase.,2025-12-08 11:40:41.811584
182,mistralai/Mistral-7B-Instruct-v0.3,3,"The Fire 7 tablet is okay for basic use, but the screen resolution is quite low and the battery life could be better. It's a good budget tablet, but it's not as fast or smooth as more expensive options. It's decent for casual use.",2025-12-08 11:40:57.497090
183,mistralai/Mistral-7B-Instruct-v0.3,4,"The Prime membership is great, and the free shipping is a game changer. The Prime Video service is also excellent, with a wide selection of movies and TV shows. However, the Whole Foods discount could be better, and the Prime Pantry service has some issues with packaging.",2025-12-08 11:40:57.788582
184,mistralai/Mistral-7B-Instruct-v0.3,5,"The Fire TV Cube is perfect. It combines the functionality of a Fire TV Stick and an Echo Dot, and it works seamlessly. The voice recognition is excellent, and the remote is optional. I can't imagine going back to a regular TV after using the Fire TV Cube.",2025-12-08 11:40:57.790021
185,mistralai/Mistral-7B-Instruct-v0.3,1,"John Doe here, a software engineer and a frequent Amazon customer. I was utterly disappointed with the quality of the Bluetooth earbuds I purchased. The connection keeps dropping, and the sound quality is poor. To top it off, the customer service has been unhelpful and unresponsive. I've spent countless hours trying to resolve the issues, but it's been a waste of time. I would strongly advise against buying these earbuds.",2025-12-08 11:41:18.486765
186,mistralai/Mistral-7B-Instruct-v0.3,2,"I was hoping for a better experience with this smartwatch, but it fell short in several areas. While it has some good features, the battery life is disappointing, and the user interface could be more intuitive. Additionally, the fitness tracking isn't as accurate as I'd like. Overall, it's not worth the price I paid.",2025-12-08 11:41:18.935052
187,mistralai/Mistral-7B-Instruct-v0.3,5,"I'm completely satisfied with my purchase of the Echo Dot (4th Gen). It integrates seamlessly with my smart home devices and the sound quality is impressive for its size. The Alexa assistant is quick and accurate, and the design is sleek and modern. I highly recommend this product to anyone looking to upgrade their smart home setup.",2025-12-08 11:41:18.936493
188,mistralai/Mistral-7B-Instruct-v0.3,3,"The Echo Show 10 (3rd Gen) is a decent smart display, but it has some issues. The motion-tracking feature can be creepy at times, and the privacy settings could be more straightforward. The screen is bright and the sound quality is good, but the camera quality is mediocre. Overall, it's an okay product for the price, but it needs some improvements.",2025-12-08 11:41:18.937826
189,mistralai/Mistral-7B-Instruct-v0.3,3,"The Ring Video Doorbell Pro is decent, but it has some issues. The video quality is good, but the motion detection can be finicky. The installation process is easy, but the wiring could be more straightforward. Overall, it's an okay product for the price, but it needs some improvements.",2025-12-08 11:41:18.939012
190,mistralai/Mistral-7B-Instruct-v0.3,2,"I was disappointed with the Ring Alarm system. The installation process was difficult, and the app can be glitchy. The sensors are sensitive, but the response time is slow. Additionally, the customer service has been unhelpful. I would not recommend this product to anyone.",2025-12-08 11:41:18.940148
191,mistralai/Mistral-7B-Instruct-v0.3,1,"I was extremely disappointed with my purchase of the Amazon Basics USB-C cable. It stopped working after just a few uses, and the customer service has been unhelpful. I've spent countless hours trying to resolve the issue, but it's been a waste of time. I would strongly advise against buying this cable.",2025-12-08 11:41:18.941191
192,mistralai/Mistral-7B-Instruct-v0.3,1,"Ordered a new laptop and it arrived broken. Terrible customer service, no response when I reached out for a replacement.",2025-12-08 11:41:26.768584
193,mistralai/Mistral-7B-Instruct-v0.3,2,The Kindle Paperwhite is not as waterproof as advertised. It stopped working after a single spill.,2025-12-08 11:41:27.243127
194,mistralai/Mistral-7B-Instruct-v0.3,3,"The Fire TV Stick is decent for streaming content, but the remote often loses connection and needs to be reset frequently.",2025-12-08 11:41:27.244460
195,mistralai/Mistral-7B-Instruct-v0.3,3,"Amazon Prime has been good overall, but the shipping times have been inconsistent lately, with some orders taking much longer than expected.",2025-12-08 11:41:27.245721
196,mistralai/Mistral-7B-Instruct-v0.3,4,"The Echo Show 5 is a great smart display for video calls and music, but the battery life could be better.",2025-12-08 11:41:27.246766
197,mistralai/Mistral-7B-Instruct-v0.3,5,"The Amazon Basics USB Cables are amazing! They've been reliable and long-lasting, I highly recommend them.",2025-12-08 11:41:27.247864
198,mistralai/Mistral-7B-Instruct-v0.3,5,"Amazon Fresh is a lifesaver! The delivery is always on time, and the selection is great. Highly recommend for busy individuals.",2025-12-08 11:41:27.249242
199,mistralai/Mistral-7B-Instruct-v0.3,1,"The product arrived in pieces, and the instructions were impossible to understand. After multiple attempts, I finally managed to assemble it, only to find that it didn't work as advertised. Terrible experience, wouldn't recommend this to anyone.",2025-12-08 11:41:40.747464
200,mistralai/Mistral-7B-Instruct-v0.3,2,"The product seems to have some potential, but it lacks the necessary features for my needs. The design is also not as user-friendly as I had hoped. Not worth the money, I'm afraid.",2025-12-08 11:41:41.320420
201,mistralai/Mistral-7B-Instruct-v0.3,3,"The product is decent for basic use, but the battery life is quite disappointing. It would be nice if it lasted longer on a single charge. Overall, it's okay for the price, but I was expecting more.",2025-12-08 11:41:41.321736
202,mistralai/Mistral-7B-Instruct-v0.3,3,"The product is easy to set up and works fine for simple tasks. However, it struggles with more complex operations. It's a decent purchase if you're looking for something basic, but it's not powerful enough for heavy use.",2025-12-08 11:41:41.322879
203,mistralai/Mistral-7B-Instruct-v0.3,3,"The product is average. It does its job, but it could be much better. The build quality feels a bit flimsy, and the customer service could use some improvement. It's decent for the price, but I was hoping for a more premium experience.",2025-12-08 11:41:41.324048
204,mistralai/Mistral-7B-Instruct-v0.3,4,"I'm generally satisfied with the product. It's a bit pricey, but it delivers on its promises. The only issue I have is with the customer service, which could be more responsive.",2025-12-08 11:41:41.325317
205,mistralai/Mistral-7B-Instruct-v0.3,5,"I absolutely love this product! It's perfect for my needs, and it's incredibly easy to use. I highly recommend it to anyone looking for a high-quality solution.",2025-12-08 11:41:41.326507
206,mistralai/Mistral-7B-Instruct-v0.3,5,"This product exceeded my expectations! It's well-built, easy to use, and delivers fantastic results. I couldn't be happier with my purchase.",2025-12-08 11:41:41.327687
207,mistralai/Mistral-7B-Instruct-v0.3,5,"I've been using this product for a few months now, and I can honestly say it's been a game-changer. It's incredibly reliable, easy to use, and it's made my life so much easier. I highly recommend it!",2025-12-08 11:41:41.329054
208,mistralai/Mistral-7B-Instruct-v0.3,1,"Ordered a product from Amazon, but it arrived broken and unusable. Terrible experience, won't be making this mistake again.",2025-12-08 11:41:49.522261
209,mistralai/Mistral-7B-Instruct-v0.3,2,"The product works okay, but the customer service is poor. I had to deal with several issues and it was not resolved satisfactorily.",2025-12-08 11:41:49.922500
210,mistralai/Mistral-7B-Instruct-v0.3,4,"I'm satisfied with the product, but the packaging could be more eco-friendly. Overall, it's a good purchase.",2025-12-08 11:41:49.923870
211,mistralai/Mistral-7B-Instruct-v0.3,5,"Amazon Prime is perfect! Fast delivery, easy to use, and great selection. Highly recommend.",2025-12-08 11:41:49.925269
212,mistralai/Mistral-7B-Instruct-v0.3,4,"The product is great, but the app could use some improvements. Other than that, it's a fantastic purchase.",2025-12-08 11:41:49.926687
213,mistralai/Mistral-7B-Instruct-v0.3,1,"As a software engineer, I expected more from this product. The build quality is terrible, and it broke after only a few uses. The customer service has been unresponsive, making it impossible to resolve the issue. I strongly advise against purchasing this product.",2025-12-08 11:42:04.564967
214,mistralai/Mistral-7B-Instruct-v0.3,2,"The product has some issues that can't be ignored. While the design is decent, the performance is lackluster. The battery life is disappointing, and it often disconnects without warning. I would not recommend this product to others.",2025-12-08 11:42:05.115264
215,mistralai/Mistral-7B-Instruct-v0.3,3,"It's okay, but the build quality feels cheap. The performance is acceptable for basic tasks, but it struggles with more demanding applications. The price is good, but I expected better performance. Overall, it's decent for casual use.",2025-12-08 11:42:05.116718
216,mistralai/Mistral-7B-Instruct-v0.3,4,"I'm satisfied with the product, but it could be better. The battery life is great, but the charging speed is slow. The design is sleek, but the buttons are a bit hard to press. Despite these minor issues, I'm happy with my purchase and would recommend it to others.",2025-12-08 11:42:05.118050
217,mistralai/Mistral-7B-Instruct-v0.3,5,"Absolutely perfect! The performance is top-notch, the design is stunning, and the customer service is exceptional. I highly recommend this product to anyone looking for a high-quality device.",2025-12-08 11:42:05.119200
218,mistralai/Mistral-7B-Instruct-v0.3,3,"While the product is easy to use, the customer service is terrible. I had an issue with my order, and they were unresponsive and unhelpful. However, the product itself works well and is worth the price for its functionality.",2025-12-08 11:42:05.120611
219,mistralai/Mistral-7B-Instruct-v0.3,3,"The product is decent, but the packaging was damaged during shipping. The device works fine, but the case is a bit flimsy. Overall, it's a good purchase for the price, but the shipping could be improved.",2025-12-08 11:42:05.122034
220,mistralai/Mistral-7B-Instruct-v0.3,4,"I'm very happy with my purchase. The product is easy to use, and the features are great. However, the charging cable is a bit short, and I wish it came with a longer one. Despite this minor issue, I highly recommend this product.",2025-12-08 11:42:05.123330
221,mistralai/Mistral-7B-Instruct-v0.3,3,"The product is decent, but it's not as powerful as I expected. The performance is good for basic tasks, but it struggles with more demanding applications. However, the price is reasonable, and it's a good option for casual users.",2025-12-08 11:42:05.124671
222,mistralai/Mistral-7B-Instruct-v0.3,5,"I absolutely love this product! The performance is amazing, the design is sleek, and the customer service is exceptional. I highly recommend it to anyone looking for a top-notch device.",2025-12-08 11:42:05.125710
223,mistralai/Mistral-7B-Instruct-v0.3,1,"I was excited to try the new smartwatch, but it's been a nightmare. The watch face keeps freezing, and the battery life is abysmal. I've contacted customer service multiple times, but they seem uninterested in helping. I'm extremely disappointed and would not recommend this product to anyone.",2025-12-08 11:42:18.914379
224,mistralai/Mistral-7B-Instruct-v0.3,2,"The headphones sound decent, but the wire is far too short for my needs. I also find the volume control to be inconsistent, making it frustrating to adjust while working. Overall, it's not worth the money.",2025-12-08 11:42:19.395780
225,mistralai/Mistral-7B-Instruct-v0.3,3,"The laptop is okay for basic use, but the keyboard is a bit uncomfortable to type on, and the screen resolution could be better. It's decent for everyday tasks, but I was hoping for a bit more from a premium device.",2025-12-08 11:42:19.397186
226,mistralai/Mistral-7B-Instruct-v0.3,4,"I've been using this camera for a few weeks now, and it's been a solid performer. The image quality is good, and the autofocus works well. However, the battery life is shorter than I expected, and the manual settings could be more intuitive.",2025-12-08 11:42:19.398649
227,mistralai/Mistral-7B-Instruct-v0.3,1,"The vacuum cleaner was a complete disaster. It broke after just a few uses, and customer service was unhelpful and unresponsive. I'm extremely disappointed and would not recommend this product to anyone.",2025-12-08 11:42:19.399753
228,mistralai/Mistral-7B-Instruct-v0.3,2,"The smart speaker sounds decent, but the voice assistant often misunderstands my commands, and the bass is lacking. I was hoping for a more immersive audio experience.",2025-12-08 11:42:19.400905
229,mistralai/Mistral-7B-Instruct-v0.3,3,"The phone is okay, but the camera could be better, and the battery life is average. It's decent for everyday use, but I was hoping for a bit more from a flagship device.",2025-12-08 11:42:19.402183
230,mistralai/Mistral-7B-Instruct-v0.3,4,"The smartwatch is good for fitness tracking, but the app interface could be more user-friendly. It's a solid device for those who prioritize health and wellness.",2025-12-08 11:42:19.403301
231,mistralai/Mistral-7B-Instruct-v0.3,5,"I'm absolutely amazed by this drone. The flight stability is incredible, the camera quality is top-notch, and the range is impressive. I highly recommend it to anyone looking for a high-quality drone.",2025-12-08 11:42:19.404535
232,mistralai/Mistral-7B-Instruct-v0.3,2,"I've had the Echo Dot 3rd Gen for a month now, and while it's decent for basic tasks, the sound quality is not good at all. Not as described, and not worth it for the price.",2025-12-08 11:42:32.423115
233,mistralai/Mistral-7B-Instruct-v0.3,4,"The Blink XT2 security camera system is good, but the app could be more user-friendly. It works well for monitoring my home, and the battery life is impressive. Highly recommend for home security.",2025-12-08 11:42:32.690050
234,mistralai/Mistral-7B-Instruct-v0.3,2,"Not impressed with Amazon. The product I ordered was missing parts, and it took weeks to get a replacement. The quality of the product itself was also disappointing.",2025-12-08 11:42:44.406450
235,mistralai/Mistral-7B-Instruct-v0.3,3,"Amazon works fine for basic use, but their shipping times have been inconsistent lately. While the selection is great, the customer service could use some improvement.",2025-12-08 11:42:44.825153
236,mistralai/Mistral-7B-Instruct-v0.3,3,"While Amazon offers a wide selection of products, I've encountered issues with late deliveries and poor quality items. However, the price is usually reasonable, so it's decent for casual shopping.",2025-12-08 11:42:44.826649
237,mistralai/Mistral-7B-Instruct-v0.3,3,"The product I ordered from Amazon was okay, but the packaging was excessive. It's concerning to see the environmental impact of all the cardboard boxes.",2025-12-08 11:42:44.827927
238,mistralai/Mistral-7B-Instruct-v0.3,4,"Amazon is a good platform for shopping, but I'd like to see them make an effort to reduce packaging waste. Other than that, the selection and delivery are usually reliable.",2025-12-08 11:42:44.829253
239,mistralai/Mistral-7B-Instruct-v0.3,4,"Amazon is a great service for the most part. However, I've had issues with late deliveries and missing items in the past. Despite that, I still recommend them for their convenience and wide selection.",2025-12-08 11:42:44.830494
240,mistralai/Mistral-7B-Instruct-v0.3,5,"Amazon is a lifesaver! As a busy software engineer, I don't have time to run errands. Being able to order everything I need online and have it delivered to my door is a game-changer.",2025-12-08 11:42:44.831618
241,mistralai/Mistral-7B-Instruct-v0.3,5,"Amazon is simply the best! I've never had a bad experience with them. Their customer service is always responsive, the selection is unbeatable, and the prices are reasonable. I highly recommend them to everyone!",2025-12-08 11:42:44.832774
242,mistralai/Mistral-7B-Instruct-v0.3,1,"Purchased a phone case that was supposed to be shockproof, but it shattered after a small drop. Terrible quality and not worth the money. I would strongly advise against buying from this seller.",2025-12-08 11:42:44.833819
243,mistralai/Mistral-7B-Instruct-v0.3,1,The headphones I bought were a complete disaster. They stopped working after just one week and the customer service was non-existent. Avoid these at all costs.,2025-12-08 11:42:57.807873
244,mistralai/Mistral-7B-Instruct-v0.3,1,"I bought a new laptop from this seller and it was a huge mistake. The keyboard is so poorly designed that it's almost impossible to type on. Not only that, but the screen is constantly flickering and the battery life is abysmal. This is the worst purchase I've ever made.",2025-12-08 11:42:57.809214
245,mistralai/Mistral-7B-Instruct-v0.3,1,"The power bank I bought was supposed to charge my phone quickly, but it barely held a charge itself. It's a waste of money and I would not recommend it to anyone.",2025-12-08 11:42:57.810372
246,mistralai/Mistral-7B-Instruct-v0.3,1,"I bought a smartwatch and it was a complete waste of money. The battery life is terrible, it constantly disconnects from my phone, and the screen is so small that it's hard to read. I would not recommend this to anyone.",2025-12-08 11:42:57.811460
247,mistralai/Mistral-7B-Instruct-v0.3,2,"The laptop I bought is okay, but the battery life is very short and it gets quite hot after extended use. Not worth the price, in my opinion.",2025-12-08 11:42:57.812744
248,mistralai/Mistral-7B-Instruct-v0.3,2,"I bought a pair of headphones and they are decent, but the sound quality could be better. The noise cancellation is also not very effective. Overall, they are not worth the price I paid.",2025-12-08 11:42:57.814009
249,mistralai/Mistral-7B-Instruct-v0.3,2,"The phone case I bought is alright, but it doesn't fit my phone very well and it's not very protective. It's a shame because the design is nice.",2025-12-08 11:42:57.815103
250,mistralai/Mistral-7B-Instruct-v0.3,3,"The phone charger I bought is decent, but it's not very fast and it gets quite hot. It's a shame because it's a good price.",2025-12-08 11:42:57.816258
251,mistralai/Mistral-7B-Instruct-v0.3,2,"The AmazonBasics USB Cable is not as durable as I expected. It seems to fray easily and has stopped charging my devices after just a few months. I was hoping for a reliable cable that would last longer. Overall, it's not worth the money for a product with such poor quality.",2025-12-08 11:42:57.817110
252,mistralai/Mistral-7B-Instruct-v0.3,3,"The Amazon Echo Sub provides decent bass for my home audio setup, but the sound quality is not as rich as I hoped. It integrates well with other Echo devices, but it's not a standalone subwoofer. It's an okay addition to my system, but it could be better.",2025-12-08 11:43:16.247881
253,mistralai/Mistral-7B-Instruct-v0.3,3,"The Amazon Prime membership is decent for the price, but the shipping times can be inconsistent. While the selection of movies and TV shows is excellent, the availability of certain titles can be limited. It's a good value overall, but it could be improved.",2025-12-08 11:43:16.249170
254,mistralai/Mistral-7B-Instruct-v0.3,3,"The Amazon Fire HD 8 tablet is a decent device for casual use, but the battery life is disappointing. It's perfect for reading books or watching videos, but it doesn't last long on a single charge. It's an okay choice for a budget tablet, but it could be better.",2025-12-08 11:43:16.250526
255,mistralai/Mistral-7B-Instruct-v0.3,3,"The Amazon Halo Band is a decent fitness tracker, but the accuracy of the sleep tracking could be improved. While the built-in meditation sessions are helpful, the band can be uncomfortable to wear during the night. It's an average product for the price, but it could perform better.",2025-12-08 11:43:16.251859
256,mistralai/Mistral-7B-Instruct-v0.3,3,"The Amazon Fresh grocery delivery service is decent for quick grocery runs, but the selection can be limited. While the delivery times are generally on-time, the quality of some produce can be inconsistent. It's an okay choice for convenience, but it could be improved.",2025-12-08 11:43:16.253331
257,mistralai/Mistral-7B-Instruct-v0.3,2,"The product's battery life is disappointing, lasting only a few hours. While it offers a good design and intuitive interface, I can't overlook this significant issue. It's not worth it for the price.",2025-12-08 11:43:16.254316
258,mistralai/Mistral-7B-Instruct-v0.3,3,"The software update process is quite straightforward, but the customer support response time leaves much to be desired. Overall, it's an okay product, but I would appreciate faster support.",2025-12-08 11:43:28.716075
259,mistralai/Mistral-7B-Instruct-v0.3,3,"This product works fine for basic use, but the build quality feels a bit flimsy. While it's a decent purchase for casual users, power users might want something more robust.",2025-12-08 11:43:28.717336
260,mistralai/Mistral-7B-Instruct-v0.3,3,"The product is good for its price, but the charging port seems to wear out quickly. It's an average product, but the durability could be improved.",2025-12-08 11:43:28.718482
261,mistralai/Mistral-7B-Instruct-v0.3,3,"The product is well-designed and performs well, but the documentation could be clearer. It's a decent choice, but better instructions would make it even better.",2025-12-08 11:43:28.719647
262,mistralai/Mistral-7B-Instruct-v0.3,3,"The product works as expected, but the customer service could be more responsive. It's a decent purchase, but better support would make it a great choice.",2025-12-08 11:43:28.720789
263,mistralai/Mistral-7B-Instruct-v0.3,3,"The product is easy to use and offers good features, but the build quality is not as durable as I had hoped. It's an average product, but a sturdier construction would make it more appealing.",2025-12-08 11:43:28.721910
264,mistralai/Mistral-7B-Instruct-v0.3,3,"The product is user-friendly, but the software updates are slow. It's a decent choice, but faster updates would improve the overall experience.",2025-12-08 11:43:28.722965
265,mistralai/Mistral-7B-Instruct-v0.3,2,"The product is not as fast as advertised, which is disappointing. While it has some useful features, its performance falls short of expectations. I wouldn't recommend it.",2025-12-08 11:43:28.724056
266,mistralai/Mistral-7B-Instruct-v0.3,4,"The Blink Outdoor security camera is good for monitoring my home's exterior. The setup was easy, and the motion detection works well. However, the video quality could be better, especially in low light conditions.",2025-12-08 11:43:28.724734
267,mistralai/Mistral-7B-Instruct-v0.3,3,"The Echo Show 10 (3rd Gen) is an interesting device, but its constant rotation can be distracting. The screen quality is excellent, and Alexa's capabilities are useful. However, I wish there was an option to disable the rotation.",2025-12-08 11:43:44.302377
268,mistralai/Mistral-7B-Instruct-v0.3,4,"The Ring Alarm system is a good DIY security solution. It's easy to install and use, and the app is intuitive. However, the siren could be louder, and I wish there was an option for professional monitoring.",2025-12-08 11:43:44.303578
269,mistralai/Mistral-7B-Instruct-v0.3,3,"The Echo Autos is decent for in-car use. The sound quality is good, and Alexa's capabilities are useful. However, the device can be a bit distracting while driving, and the mounting solution could be better.",2025-12-08 11:43:44.304821
270,mistralai/Mistral-7B-Instruct-v0.3,4,"As a software engineer, I appreciate the quick response time and easy integration with other tools. However, the documentation could use some improvement, as it lacks specific examples and detailed explanations.",2025-12-08 11:43:44.305582
271,mistralai/Mistral-7B-Instruct-v0.3,4,"The customer service is great, but the product itself is a bit overpriced compared to similar options in the market.",2025-12-08 11:43:53.251374
272,mistralai/Mistral-7B-Instruct-v0.3,4,"I'm happy with the performance, but I wished it came with more storage space.",2025-12-08 11:43:53.252958
273,mistralai/Mistral-7B-Instruct-v0.3,4,"The product works well, but it could use a more user-friendly interface.",2025-12-08 11:43:53.254191
274,mistralai/Mistral-7B-Instruct-v0.3,5,Amazon Prime offers excellent shipping speeds and a wide variety of products. I highly recommend it for anyone looking for convenience and a seamless shopping experience.,2025-12-08 11:43:53.255305
275,mistralai/Mistral-7B-Instruct-v0.3,5,I absolutely love this product! It has greatly improved my productivity and organization.,2025-12-08 11:43:53.256372
276,mistralai/Mistral-7B-Instruct-v0.3,3,"The product is okay, but it's quite noisy and the build quality feels a bit flimsy. However, it works fine for basic tasks.",2025-12-08 11:43:53.257441
277,mistralai/Mistral-7B-Instruct-v0.3,2,"The Kindle Paperwhite I purchased from Amazon had significant issues with the screen, causing a lot of frustration during my reading sessions. The customer service was not helpful in addressing the problem, making it a waste of my money.",2025-12-08 11:43:53.258165
278,mistralai/Mistral-7B-Instruct-v0.3,4,"The Echo Show 5 is a satisfying smart display. It has good sound quality, and the screen size is perfect for a bedside table. However, the camera quality is not great, and the built-in Alexa features could be more advanced.",2025-12-08 11:44:08.699413
279,mistralai/Mistral-7B-Instruct-v0.3,4,"The AmazonBasics USB-C to USB 3.0 Cable is a good quality cable for its price. It's durable and works well with my devices. However, I wish it were longer and the cable management could be better.",2025-12-08 11:44:08.700566
280,mistralai/Mistral-7B-Instruct-v0.3,5,"The Amazon Echo Studio is an amazing sound system. The sound quality is exceptional, and it fills the room with rich, immersive audio. It's a game-changer for music lovers, and I highly recommend it.",2025-12-08 11:44:08.701603
281,mistralai/Mistral-7B-Instruct-v0.3,5,"The Amazon Prime membership is a fantastic service. The fast shipping, streaming options, and exclusive deals are worth the cost. I love the convenience it offers, and I can't imagine shopping without it.",2025-12-08 11:44:08.702603
282,mistralai/Mistral-7B-Instruct-v0.3,5,"As a software engineer, I'm always on the lookout for efficient tools. This product has exceeded my expectations. It's user-friendly, easy to set up, and the performance is top-notch. Highly recommend it!",2025-12-08 11:44:08.703227
283,mistralai/Mistral-7B-Instruct-v0.3,4,"The product is decent for my needs. It works fine for basic tasks but lacks some advanced features I was hoping for. Overall, it's a good purchase.",2025-12-08 11:44:21.792829
284,mistralai/Mistral-7B-Instruct-v0.3,5,"This product has been a great addition to my tech arsenal. It's well-built, easy to use, and the battery life is impressive. I'm very satisfied with my purchase.",2025-12-08 11:44:21.794457
285,mistralai/Mistral-7B-Instruct-v0.3,5,"I'm a software engineer, and I appreciate well-designed, efficient tools. This product delivers on all fronts. It's fast, reliable, and the customer service is excellent. Highly recommended!",2025-12-08 11:44:21.795840
286,mistralai/Mistral-7B-Instruct-v0.3,5,"I've been using this product for a few weeks now, and I'm very impressed. It's easy to set up, user-friendly, and the performance is excellent. I highly recommend it.",2025-12-08 11:44:21.797063
287,mistralai/Mistral-7B-Instruct-v0.3,3,"The product is alright. It does the job, but it's not as efficient as I had hoped. However, the customer service is good, and they've helped me out with some issues I've encountered.",2025-12-08 11:44:21.798257
288,mistralai/Mistral-7B-Instruct-v0.3,4,"This product is decent for my needs. It works fine, but it could be faster. I'm satisfied with my purchase, but I was hoping for a bit more speed.",2025-12-08 11:44:21.799215
289,mistralai/Mistral-7B-Instruct-v0.3,5,"As a software engineer, I appreciate the precision and functionality of this product. It has significantly improved my workflow, and the customer service was top-notch when I had a minor issue. Highly recommend!",2025-12-08 11:44:21.800041
290,mistralai/Mistral-7B-Instruct-v0.3,4,"The product works well for my basic needs, but I've noticed some occasional lag that could be improved. Overall, it's a good purchase, especially considering the price point.",2025-12-08 11:44:33.799982
291,mistralai/Mistral-7B-Instruct-v0.3,5,This product has exceeded my expectations! The features are intuitive and make my daily tasks much more efficient. I'm very satisfied with my purchase and would recommend it to others.,2025-12-08 11:44:33.801576
292,mistralai/Mistral-7B-Instruct-v0.3,5,Great product! It's easy to set up and the performance is excellent. I'm happy with my purchase and would recommend it to anyone looking for a reliable solution.,2025-12-08 11:44:33.802791
293,mistralai/Mistral-7B-Instruct-v0.3,5,"I've been using this product for a few weeks now, and I'm extremely pleased with its performance. It's user-friendly, efficient, and has improved my productivity. Highly recommend!",2025-12-08 11:44:33.803850
294,mistralai/Mistral-7B-Instruct-v0.3,4,"The product is decent, but I was hoping for a bit more customization options. It works fine for basic use, but it lacks some advanced features that I would have liked to see. Still, it's a good purchase for the price.",2025-12-08 11:44:33.804985
295,mistralai/Mistral-7B-Instruct-v0.3,5,"I'm very satisfied with my purchase. The product is well-designed, easy to use, and has improved my work experience. Highly recommend!",2025-12-08 11:44:33.806013
296,mistralai/Mistral-7B-Instruct-v0.3,5,"I love this product! It's perfect for my needs and has made my life easier. The quality is excellent, and I would highly recommend it to anyone.",2025-12-08 11:44:33.807041
297,mistralai/Mistral-7B-Instruct-v0.3,5,"I've been using this product for a few months now, and I'm very happy with it. It's easy to use, reliable, and has greatly improved my productivity. Highly recommend!",2025-12-08 11:44:33.808237
298,mistralai/Mistral-7B-Instruct-v0.3,4,"The product is okay, but it could use some improvements. It works fine for basic use, but it lacks some advanced features that I was hoping for. Overall, it's a decent purchase.",2025-12-08 11:44:33.809353
299,mistralai/Mistral-7B-Instruct-v0.3,5,"As a software engineer, I've been using Amazon Prime for years, and it's been an excellent experience. The fast delivery, easy payment options, and extensive product selection make it a no-brainer for me. I've recommended Amazon Prime to all my friends and colleagues.",2025-12-08 11:44:33.810035
300,mistralai/Mistral-7B-Instruct-v0.3,5,"Amazon has truly revolutionized online shopping. The Prime Day deals were amazing, and I was able to get some fantastic tech gadgets at unbeatable prices. The delivery was lightning-fast, and the customer service was top-notch. Highly recommend Amazon for anyone looking for a seamless shopping experience.",2025-12-08 11:44:37.844449
